gameid,playerid,rounds
164,1,196
1712,2,15
811,2,54
12,3,1
1276,4,191
2670,4,482
666,5,62
1713,6,4
2238,7,49
1934,7,63
1249,8,27
1985,8,3
273,8,150
1444,8,408
628,8,451
298,8,179
2202,8,162
2308,8,6
819,9,597
1657,9,8
1150,9,5
1277,9,1
845,10,1276
164,10,1970
1546,11,1401
1985,11,16
1713,11,31
1657,12,4
1371,13,399
2090,13,16
162,13,58
1257,14,12
1886,14,4
1713,15,243
1657,16,1
819,17,3
1657,18,21
78,19,74
305,20,125
981,20,17
1657,20,1
825,20,7
711,21,5
2558,21,12
1657,22,1
508,23,1
1657,23,2
1657,24,708
1502,25,5
2669,25,5165
30,26,32
2110,27,651
2881,28,14
2148,28,78
1562,29,2
1657,29,23
1657,30,5
1249,30,68
12,31,5
628,32,129
1480,32,38
226,32,1
2249,33,1591
330,34,1
1668,35,168
2670,35,93
2148,35,133
2151,35,157
2244,35,3159
1506,35,160
2238,35,2
2958,35,6
1952,35,190
2138,35,702
294,35,211
2109,35,105
2143,35,145
2547,35,66
612,35,33
485,35,27
2201,35,1281
819,36,3
363,37,70
1886,37,354
508,38,424
162,39,192
2670,40,76
819,40,9
1657,41,0
1657,42,6
1657,43,199
979,43,8
11,43,1
168,44,24
981,44,74
1657,44,116
2970,45,18
1985,46,40
1985,47,45
2970,47,6
109,47,82
1886,47,12
78,48,1
1657,49,1
2672,50,18
1657,51,2
1249,52,13
1449,53,41
164,54,27
2670,54,221
508,54,142
1657,55,10
508,56,21
1199,56,50
2148,57,1
30,57,78
1657,57,117
825,57,874
1657,58,2
1657,59,8
1657,60,14
165,61,2
910,61,10
1713,62,647
1951,62,159
1119,63,5
1657,64,80
1985,64,21
1249,65,26
746,65,49
735,65,15
298,66,398
1713,66,665
1985,66,39
1257,66,109
991,66,885
825,66,4
1426,66,720
2547,67,587
2529,68,0
44,68,2
2546,68,1
2520,68,0
2479,69,1
820,69,59
711,70,114
93,71,13
2681,71,60
1712,71,20
1063,71,14
327,71,126
1600,71,184
2497,71,73
448,71,66
89,71,6
2547,71,27
485,71,5
2678,71,222
1181,71,7
2669,71,43
2662,71,23
1108,71,29
127,71,60
320,71,20
959,71,4
1886,72,6
2881,72,7
981,72,10
2885,73,34
1411,73,16
2001,73,31
711,73,8
383,73,4
198,73,13
666,73,17
2670,73,1654
1017,73,102
1713,73,7
964,73,477
508,73,282
981,73,27
563,73,6
2238,73,24
2681,73,53
306,73,19
249,73,837
2545,73,4
686,74,55
1657,75,1
818,76,8
162,76,11
1485,76,25
1588,76,53
456,76,5
520,77,303
2669,77,686
1657,77,15
1492,77,85
1657,78,2
1886,79,806
198,79,33
1657,80,3
1886,81,41
508,81,413
1411,82,81
508,82,954
838,82,409
78,82,4
1012,83,5
819,84,1
1657,84,1
2670,85,45
964,85,9
1444,85,102
1126,85,83
981,86,17
1657,86,149
1276,87,1
126,87,361
605,87,67
127,87,7
1886,87,22
1985,87,4
1546,87,28
1364,87,5
1620,87,16
1257,88,89
435,88,12
1532,88,10
2092,88,8
1963,88,28
1449,88,1
1713,88,25
2885,88,41
2970,88,17
1934,88,42
2090,88,23
1485,89,7
686,90,11
1886,91,1071
819,91,15
1657,91,921
1713,92,253
164,92,2
1480,93,2043
819,94,5
1605,95,1184
627,96,113
910,97,386
1713,97,2940
1074,97,1108
1555,97,1302
2670,98,5
2885,98,1
329,98,107
556,98,26
95,99,37
1364,99,4
1636,99,15
1456,99,65
465,99,44
258,99,15
1573,99,47
2116,99,37
443,99,22
1355,99,3
556,99,40
1212,99,25
362,99,25
273,99,41
1590,99,55
1374,99,15
438,99,65
346,99,2
991,99,31
226,99,63
68,99,18
112,99,203
1985,99,4
332,99,43
344,99,81
1331,99,17
625,99,85
1886,99,100
1492,99,32
2090,99,5
795,99,35
1619,99,30
249,100,42
30,100,21
1963,100,86
600,101,51
1037,101,37
508,102,45
1257,103,11
1657,104,3
820,105,2
2238,105,158
1449,105,2
1492,105,244
162,105,26
2484,105,3
845,106,2
508,107,4
1657,107,4
819,107,1
1657,108,1
981,109,2
1985,109,1018
1657,110,2
1257,111,260
1713,111,36
1657,112,2
1017,113,59
1485,114,29
2215,115,127
2156,115,9
2221,115,76
2307,115,4
2244,115,35
981,116,5
164,117,34
2138,117,30
508,118,269
910,119,11
1657,120,58
2670,121,13
1149,122,191
2152,122,3
2212,122,104
2101,122,5
164,122,414
2885,122,172
2670,122,67
2211,122,52
520,122,280
2118,122,23
1985,122,132
1657,123,11
25,124,129
1562,124,4
819,124,17
1985,125,10
1657,125,533
2734,125,13
456,125,560
825,126,39
1017,126,153
598,127,7
1587,127,26
693,127,13
822,127,413
338,127,13
1026,127,1
298,127,22
2142,127,71
825,127,10
1025,127,23
51,127,92
2266,127,2
1158,127,67
1568,127,110
1485,128,1014
910,128,33
191,128,210
1257,128,26
2213,128,67
822,128,624
1886,128,3
162,128,121
1657,129,448
176,129,67
1331,130,10
1485,131,236
1713,131,40
162,131,34
12,132,10
1485,132,38
1657,132,4
838,132,181
819,132,5
1713,132,262
1657,133,24
1657,134,141
2663,134,590
981,134,40
2881,134,33
164,135,51
926,136,1176
2203,137,509
2307,138,31
526,138,8
1587,138,32
2325,138,49
1042,138,64
225,138,67
164,138,80
27,138,44
508,138,28
555,138,167
1416,138,14
264,138,77
2243,138,114
51,138,36
2201,138,6
1389,138,29
1449,139,2
2734,140,729
1492,141,21
12,141,1
819,142,103
1934,143,21
1657,143,25
2138,144,81
1657,144,35
627,144,340
1017,145,104
825,145,312
1568,145,1078
1103,146,14
1687,146,39
164,146,11
1985,146,12
508,146,43
1657,146,1
711,147,4
30,148,248
1713,148,820
628,148,530
68,148,70
886,149,153
2547,150,8
12,151,40
868,151,1
164,152,54
508,152,14
508,153,39
1657,154,3
1449,154,3
910,155,41
1934,155,158
1568,155,14
825,156,1982
1149,157,49
1657,158,3
2670,159,110
845,159,99
2203,159,35
2116,159,102
164,159,33
2110,159,46
1411,159,83
825,159,45
2149,159,138
2306,159,65
1657,160,383
1985,160,5
1657,161,1
845,162,74
1657,163,1
1181,164,3778
981,164,43
1257,165,48
1657,165,2
819,165,29
845,165,20
1934,166,90
2001,166,102
1506,167,277
165,168,39
825,169,2476
903,170,15
12,171,1
1657,171,0
1362,171,97
1941,171,22
981,172,176
1657,173,20
819,173,3
2670,174,69
964,174,61
1411,174,130
981,174,420
467,174,154
813,175,12
2323,175,212
1485,175,45
838,175,44
467,175,117
508,175,97
2734,176,61
1426,176,97
2203,176,89
1018,176,23
2101,176,43
1251,176,80
2116,176,83
820,176,14
2547,176,120
2202,176,81
2558,176,54
1506,176,40
2660,176,123
1590,176,1
1492,176,139
617,176,105
433,176,74
845,176,195
164,176,438
2278,176,102
2476,176,108
818,176,18
2124,176,86
2663,176,154
819,176,45
2213,176,142
1985,177,12
1522,178,247
1657,179,9
1713,180,116
628,180,183
1485,180,21
1657,180,5
456,180,21
981,180,23
1449,181,6
1562,181,8
964,181,34
1934,182,860
2885,183,18
1657,183,1
453,183,14
1181,184,3
127,184,628
1657,185,31
338,186,12
469,187,37
2669,187,3
1037,188,240
1411,189,2
456,189,5
1657,189,8
2090,189,79
845,189,5
1657,190,10
1657,191,2
1562,192,5
406,193,62
1657,193,192
813,194,14
1203,195,34
42,195,456
61,195,463
1657,195,25
935,195,95
2970,196,49
1525,196,35
1251,196,8
813,196,665
711,196,2
820,196,8
2220,196,12
2670,196,147
2734,196,34
2138,196,3
999,196,4
881,197,46
1568,198,321
273,198,59
1158,198,316
1886,199,92
2148,200,97
164,200,122
2670,200,47
1449,201,4
1657,202,1
339,203,965
842,203,44
1389,203,999
649,203,3
981,203,255
2090,203,4
883,204,162
249,205,4
98,205,1
643,206,192
473,206,264
1886,206,495
2670,206,307
2203,206,29
973,206,259
935,206,1
1606,207,13
1673,207,14
1657,208,13
2308,209,33
1886,209,94
2671,209,8
16,210,628
819,210,23
724,210,7
1037,211,396
1158,211,119
981,212,98
1657,213,16
1492,213,18
358,213,640
1668,214,14
156,215,109
1411,216,5
2885,216,3
1713,216,3
1017,217,1
2881,217,51
508,218,3
198,218,69
825,219,547
1886,219,445
164,220,1
2681,220,263
508,221,30
820,221,21
1657,222,2
628,223,284
819,224,88
12,224,375
508,225,187
526,226,27
2144,226,70
2286,226,27
2331,226,38
2342,226,127
2205,226,13
2243,226,16
2670,226,33
2142,226,21
2334,226,14
1568,226,12
825,226,10
813,226,47
2218,226,39
1113,226,7
2884,226,41
524,226,86
710,226,28
162,227,495
2238,228,1
1492,228,105
2970,229,53
1414,229,83
719,229,9
939,229,23
408,230,78
127,231,622
1181,231,390
1657,232,4
1713,233,5
508,234,435
1657,235,1
600,236,5
1657,236,1
1411,237,196
165,238,2
164,239,133
12,240,4
307,241,109
1590,241,24
1657,241,31
1257,242,12
981,242,679
819,242,1
1149,243,785
162,243,53
30,243,16
456,243,1
625,244,211
1568,245,80
686,245,126
883,245,32
1713,245,103
305,245,40
1485,245,60
1158,245,87
2670,245,11
198,245,10
825,245,169
1985,245,18
1555,245,14
229,246,10
1296,246,5
364,246,6
1657,246,190
1985,247,7
2670,247,213
367,247,231
845,248,96
1257,249,31
634,250,22
1356,251,26
456,252,7
981,252,7
242,252,58
406,252,45
1966,252,103
1591,252,2
1713,252,9
818,253,4
825,254,67
845,254,77
456,254,11
1657,255,3
412,256,38
1257,257,40
89,258,483
1670,258,36
1657,259,1
1485,260,124
1985,261,4
2163,262,592
1562,262,2
2238,262,21
2138,262,3
435,262,7
2287,262,27
2238,263,35
2554,263,2
1146,264,485
2497,264,586
1449,265,47
825,265,41
1132,266,399
819,266,14
46,266,175
164,266,86
1985,267,230
1657,268,30
1886,268,1
1657,269,344
1886,270,1
2663,270,25
2143,270,5
2213,270,5
2881,270,32
981,270,22
12,271,11
125,271,101
825,272,121
508,272,122
1886,272,236
1587,272,52
2156,273,2
2970,273,126
2215,273,35
1026,273,1
2681,273,31
1712,273,2
46,274,26
1485,275,160
2670,275,26
883,275,38
2323,275,52
1985,275,10
1934,275,11
1886,275,2086
1469,275,1
198,275,11
2001,275,82
2670,276,15
78,277,1
508,278,250
1485,279,887
162,280,273
2970,280,100
1713,281,105
508,281,2
12,282,1
508,283,1
1886,284,11
508,285,905
2665,286,25
2670,286,30
1934,286,23
2327,286,10
2113,286,3
2164,286,113
981,286,13
2323,286,35
367,286,13
2326,286,13
825,286,5
2101,286,78
30,286,460
2205,286,30
2670,287,33
1713,287,495
164,287,534
959,288,2
41,289,22
807,289,72
162,290,57
2670,290,23
1886,290,944
330,290,27
693,290,173
1985,291,60
711,292,51
1886,292,93
508,292,623
1568,292,31
1657,292,11
1657,293,109
520,294,51
972,294,3
939,295,862
2120,296,16
2681,296,30
508,296,28
711,296,60
2662,297,1030
1292,298,37
575,299,2
819,299,1
981,299,5
1657,300,7
508,301,40
1713,302,596
656,302,145
2670,302,90
520,302,467
1136,303,68
910,303,19
1091,303,89
2970,303,54
508,304,8
469,305,1350
819,306,1
1657,307,17
164,308,91
508,309,17
1311,309,39
307,310,324
130,310,7
131,310,14
603,310,20
2663,310,15
612,310,19
1485,310,56
1091,310,135
1428,310,30
1657,311,1588
1985,311,158
162,312,15
165,312,1
959,313,12
508,314,13
1411,314,6
2678,315,15
2668,315,6
1562,315,4
168,315,60
939,315,100
1449,315,105
164,316,152
649,317,1598
939,317,1
1657,318,39
465,319,232
164,319,1061
2670,320,206
2138,320,110
711,321,147
1666,321,119
1712,321,32
824,321,9
93,321,1501
1562,322,16
626,323,6
2678,324,18
1934,324,3
1886,324,1
1657,325,1
926,326,6
2970,327,682
2671,327,1340
363,327,537
1886,327,2984
1934,328,412
1886,328,632
1889,328,203
1296,329,2
1657,329,3
819,329,1
825,330,43
2138,331,203
334,331,32
191,331,383
508,332,141
98,333,55
1042,333,256
817,333,1434
164,333,284
2090,333,82
508,333,384
1236,333,306
2671,333,138
711,333,220
1223,334,1395
1657,335,231
1257,335,56
456,335,401
243,335,39
981,335,72
819,336,1
1712,337,16
508,338,306
1555,338,237
198,339,83
825,339,276
2001,339,150
164,340,43
1657,340,1
666,341,15
2676,341,24
1584,341,94
819,342,161
1657,343,95
12,344,26
814,345,82
1657,345,13
1878,345,67
1276,345,140
1555,345,130
1125,345,102
2734,345,83
612,345,498
1886,345,56
2670,345,736
628,346,79
891,347,22
845,347,104
786,347,334
520,347,100
1348,347,50
825,347,164
508,347,404
1158,347,79
1502,347,670
1886,347,317
198,347,152
771,347,100
164,347,54
98,347,20
1449,348,1
16,349,46
1985,350,43
1657,350,2
508,350,685
981,351,10
162,352,3758
612,352,221
12,353,4
1347,353,2
1886,354,14
1886,355,17
1043,355,620
1886,356,146
1886,357,2
1657,357,8
2323,358,24
98,358,29
973,358,24
520,358,37
164,358,87
822,358,21
2311,359,18
2168,359,7
508,360,6
19,361,14
2090,361,117
2323,362,60
508,363,37
1485,364,49
822,365,561
649,366,40
16,366,4
628,367,98
981,367,171
2238,368,843
2138,368,3757
2676,369,124
959,370,4486
1449,371,89
819,372,94
1657,372,23
508,373,5
508,374,61
813,374,113
1887,375,75
1886,375,317
786,375,345
508,375,107
1657,376,11
243,377,95
1886,377,2421
1503,378,59
302,378,42
2881,379,128
1886,379,237
2547,380,37
1689,381,731
1657,382,10
1444,383,1101
508,383,96
198,384,72
825,384,71
520,384,63
2670,384,194
2116,384,35
243,384,6
164,384,243
964,384,13
162,385,496
981,385,329
456,385,88
2668,385,95
2202,385,103
1411,386,337
1886,387,19688
1485,388,2626
1941,389,94
991,390,6
1449,391,6
2484,391,2
1411,391,110
1657,392,943
807,392,46
686,393,36
819,394,7
1657,394,3
706,395,28
959,395,205
603,395,5
2734,395,5
2670,395,5
126,395,159
508,396,98
2557,397,15
965,397,207
452,397,9
2671,397,2
2323,398,207
2554,398,481
1037,398,5175
508,398,81
620,398,23
2669,398,230
1657,399,1
1657,400,27
168,401,7
1449,401,21
1562,401,2
2484,401,1
655,401,36
1657,401,1
1943,402,44
1657,402,1
1657,403,7
1411,404,182
467,405,28
819,406,2
1657,406,113
672,406,11
1449,406,2
1277,406,292
1485,407,1032
2547,408,108
191,409,167
1657,410,92
1562,411,312
11,412,66
1657,413,1
164,414,112
1713,414,67
1951,414,57
190,414,57
2663,414,61
1356,414,1375
711,414,171
1017,414,249
2100,414,117
2670,414,886
1331,414,104
2970,414,2516
1311,414,1059
686,414,89
2885,414,27
2089,414,260
1886,415,63
786,415,80
16,415,24
164,415,26
2141,415,10
191,415,32
435,416,1
162,417,159
456,417,68
508,418,180
838,418,74
1886,419,124
16,420,3047
508,420,524
758,420,46
1562,421,18
168,421,1
1371,422,6
467,423,663
883,423,2008
1158,423,939
2670,423,117
1358,423,2378
1037,423,762
273,424,129
576,425,1142
1657,425,3
819,426,1
1985,427,101
1886,427,1920
16,427,92
162,427,492
508,427,44
467,428,30
125,428,36
346,428,25
1249,428,59
1568,428,5
453,428,155
1012,428,17
750,428,39
1485,428,22
2885,428,36
2970,428,22
456,429,156
272,429,151
2554,430,53
883,430,29
1886,430,8
1985,430,5
1934,430,183
474,430,4
1657,430,1
612,431,382
508,432,16
1657,432,1
467,432,10
1657,433,1
825,434,92
1568,434,40
164,435,217
2885,435,50
89,435,35
465,435,64
1713,435,545
1670,435,106
715,435,130
819,435,1
1985,436,5
508,437,38
1657,438,2
1181,439,25
981,440,5
2104,441,109
2001,441,203
2881,441,36
954,441,269
2128,441,195
1985,441,47
2286,441,578
1409,441,23
612,441,395
2102,441,267
164,441,107
1934,441,156
1886,441,471
628,442,12
1296,443,8
12,443,2
508,443,23
1657,443,1
164,444,22
1657,445,2
1568,446,23
1158,446,58
822,446,69
693,446,17
1713,446,48
1257,447,47
1037,448,14
1657,449,3
1568,449,25
1657,450,11
1555,451,5
508,451,50
504,452,7
625,453,6
1657,454,23
1657,455,4
19,455,34
979,456,11
1657,456,2
1257,456,268
1331,456,15
819,457,107
1657,458,1
508,458,696
628,459,2684
226,459,8
41,459,31
1017,459,247
1657,460,3
1657,461,26
2316,461,157
198,461,24
320,461,1
2156,461,2506
627,461,188
807,461,314
329,461,101
822,461,350
1713,461,437
845,461,14
2547,461,23
1043,461,122
2958,461,41
1506,461,90
367,461,113
1370,461,86
2672,461,150
686,461,3211
1985,461,197
406,462,292
1485,462,58
1985,462,41
164,463,135
508,463,493
162,464,256
620,464,208
1555,464,6
164,464,429
1257,464,427
456,464,207
1562,465,3
16,466,100
249,466,231
1257,467,612
469,468,1790
1358,468,261
1311,468,152
1587,468,137
2148,468,119
1547,468,189
1132,468,69
2958,468,65
2671,468,326
1690,468,978
1938,468,701
686,468,66
2661,468,85
2256,468,382
1562,469,3
1886,470,614
1886,471,3177
12,472,5
959,473,218
2547,473,26
1492,474,167
2106,474,56
2213,474,74
711,474,84
2110,474,145
2241,474,87
1886,475,110
467,475,52
1485,476,85
1485,477,553
1657,478,3
1591,479,1
1886,480,437
2230,480,10
490,480,66
749,480,28
1087,480,120
825,481,53
711,481,17
98,481,38
520,481,72
164,481,78
1411,481,28
1657,482,2
1886,483,210
164,483,77
711,483,59
508,483,20
367,483,18
30,484,105
162,485,256
508,485,54
1584,486,41
1657,486,8
2958,487,2
2554,487,1
1985,488,329
1485,488,1
78,489,2
12,490,2
1449,490,27
1555,491,9
1249,492,6
711,493,4
508,493,1
2238,493,68
1657,493,1
456,494,1741
1568,495,222
1657,496,265
524,496,332
164,497,137
1657,498,13
162,498,43
845,498,54
820,498,10
1411,499,37
1657,499,119
249,500,125
1657,501,14
2970,502,4
1311,502,2
508,503,17
1657,503,1
1886,504,737
825,505,9
1485,505,156
246,505,8
1985,505,38
2167,505,1
1886,506,3
508,506,134
628,507,37
49,507,26
1657,508,2
1449,508,1
1968,509,1307
1562,510,23
819,511,12
2885,512,51
1886,513,90
2663,513,15
406,513,153
2669,513,91
2555,513,124
1485,513,72
786,514,153
1886,514,217
1657,515,11
1657,516,1
1657,517,41
686,518,73
12,518,14
452,518,81
456,518,149
882,519,3
1562,520,19
2143,521,55
1657,521,17
2126,521,40
164,521,247
845,521,137
820,522,115
2479,522,8
2258,523,14
959,523,425
2279,523,345
98,524,80
2881,525,16
2318,525,5
600,526,240
1026,526,16
752,526,155
508,527,145
1657,528,1
2323,529,22
1506,529,5
2670,529,91
1668,529,10
2970,529,11
2001,529,30
883,529,15
164,530,79
2090,530,13
508,530,17
46,530,19
1568,531,3
41,531,1
508,532,503
164,533,165
508,533,527
1657,534,1091
467,535,4
456,536,98
508,537,539
1257,538,361
819,538,14
98,539,1843
164,539,961
910,540,178
467,541,149
1485,542,19
2678,542,100
1132,542,6
628,542,84
1262,542,184
467,542,35
508,542,4215
1143,542,12
1886,542,171
1470,542,31
2678,543,171
1886,543,4620
749,543,325
214,543,28
1934,544,1
2223,545,1
2243,545,10
2213,545,54
1886,545,13
711,545,20
2130,545,7
330,546,149
2681,546,154
2220,546,374
78,547,2
1590,548,1
1411,549,211
16,550,4
508,551,80
813,551,67
346,552,28
1485,553,6
2669,553,773
1657,553,2
22,553,5
456,554,3
508,555,318
508,556,27
825,556,7
1485,557,252
1257,557,20
981,557,1207
2092,557,5
986,558,19
825,558,74
1568,558,30
598,558,1603
414,558,20
1158,558,233
2669,559,62
2547,559,153
620,559,22
508,559,802
2557,559,64
628,559,481
508,560,21
825,561,64
1657,562,31
2669,563,767
1026,563,1241
1588,563,100
1886,563,43
1713,563,24
2670,563,556
825,563,1828
1687,563,5000
649,564,826
1411,564,42
1485,564,133
508,565,41
2213,566,25
649,566,635
819,566,7
11,566,34
1223,566,48
2885,567,53
2090,567,44
845,567,101
2299,568,535
627,568,1
1657,569,21
1129,569,6
2558,569,19
2110,570,81
11,571,1
1257,572,80
2885,572,19
2322,573,44
2323,573,1
1311,573,39
2309,573,42
1712,573,78
414,573,162
2672,573,45
1546,573,33
198,573,17
2332,573,53
1114,573,66
600,573,122
1506,573,63
2117,573,42
1555,573,28
1713,573,19
686,573,10
1985,573,93
2269,573,14
1043,573,130
2881,573,611
883,573,29
2547,573,34
2318,573,96
1886,574,78
465,575,41
981,575,115
508,576,802
164,576,28
1886,576,107
1158,577,37
711,577,9
1712,577,16
1934,577,51
93,577,58
2970,577,54
1183,577,50
1358,577,26
822,577,387
2734,577,60
1941,577,260
835,577,17
443,577,89
1411,577,76
258,577,57
2885,577,43
814,577,132
1886,578,50
1657,579,6
986,580,10
1016,581,20
327,582,64
1889,582,61
2676,582,715
1149,583,12
656,583,3
1657,584,2
845,585,188
1713,585,383
1886,586,77
959,587,888
2202,588,52
1985,588,18
112,588,449
508,588,156
1411,588,48
1657,588,5
1657,589,1
164,589,71
1958,590,25
1657,590,18
981,591,170
773,591,1401
1480,591,83
2090,591,68
16,592,1133
1886,592,466
1001,592,11
363,592,177
191,592,135
30,592,12
515,592,2
46,592,119
2881,592,23
526,592,2
19,593,39
1657,594,2
16,595,879
508,595,1001
986,595,176
16,596,11
1198,596,44
467,596,44
926,596,26
1186,596,10
191,596,16
1590,596,113
406,596,47
1886,596,5
2090,596,13
162,596,28
2670,597,75
30,598,263
249,598,87
2670,599,384
1985,599,2112
367,599,1591
2323,599,41
1449,600,4
12,601,1
2001,602,511
485,603,5
1657,603,6
1985,603,7
363,604,1395
1886,604,25
1411,605,16
1431,606,70
1017,607,162
406,607,3727
2308,608,183
620,609,1
1411,610,1254
2547,610,298
986,611,2545
1657,612,44
1985,613,23
1257,613,136
1223,613,118
1657,613,5
1494,613,372
508,614,30
845,614,44
1657,615,180
1713,616,7
819,617,27
1657,618,4
821,619,69
508,619,1
2665,620,414
950,620,16
12,620,1
946,620,57
1485,621,18
1364,622,90
467,623,146
1886,623,396
508,624,296
1411,625,3
1985,626,66
1017,626,1325
1657,627,4
1657,628,0
30,629,335
1356,629,385
1356,630,8
939,631,65
164,631,92
1985,631,20
1257,632,978
797,632,506
452,632,691
1356,632,300
1485,632,51
2090,633,30
758,633,64
162,633,4772
2663,633,238
2554,633,8
2238,634,110
443,634,2
1657,635,4
1017,635,331
2885,635,617
1657,636,11
1657,637,1
845,638,2
164,638,70
2146,638,27
330,638,224
1657,639,16
845,640,17
508,640,22
1606,641,5
1495,641,26
12,641,65
406,641,23
2881,641,102
868,641,164
1129,641,13
1150,641,3
226,641,18
11,641,6
819,641,21
979,641,14
1985,642,1
508,642,2
819,643,27
1886,644,4267
2734,644,218
508,644,169
2241,644,325
2885,644,95
1411,645,7
2522,645,1
1657,645,0
191,646,7
1657,646,28
819,647,17
1657,647,3
628,647,11
2671,648,20
191,648,321
30,648,64
98,649,477
1713,650,363
46,650,144
406,651,186
191,652,279
443,653,11
1500,654,1
2238,654,157
1356,655,177
1712,656,103
819,657,3
1449,658,1
508,658,22
272,658,7
1119,658,8
164,658,9
1886,659,14
1525,660,461
825,660,2066
2557,661,367
1713,662,676
981,663,27
818,663,160
406,663,47
2665,663,33
1257,663,67
2881,663,35
1657,664,11
2148,664,67
939,665,225
845,666,11
819,666,3
1525,667,104
1129,668,99
1713,668,43
1257,668,57
981,668,13
1606,668,181
819,668,10
1657,668,13
1492,668,103
1277,668,3
12,668,49
1449,668,7
1934,668,28
845,668,228
1886,669,56
724,670,427
1431,670,209
2238,671,136
2220,671,83
2676,671,5
249,671,249
2681,671,85
2257,671,69
681,671,235
2109,671,59
408,671,60
162,671,40
2229,671,83
339,671,92
508,672,184
164,672,42
1934,672,20
367,672,10
1411,672,14
819,673,7
1657,674,59
1953,675,88
12,676,4
164,677,135
1985,678,215
443,678,113
822,678,12
1183,678,391
1713,678,69
1889,678,222
1502,678,130
2670,678,60
2323,678,121
191,678,287
2678,678,43
910,678,77
1886,678,155
2238,678,19
2148,678,63
428,678,17
1934,678,95
883,678,73
2669,678,47
508,678,43
2958,678,8
821,678,45
16,678,25
1358,678,72
320,678,10
1449,679,13
508,680,13
14,681,10
820,681,5
435,681,1
1657,681,4
967,681,1
2213,682,173
2299,682,9
819,683,8
686,683,19
1434,684,51
735,684,129
1886,684,126
162,684,158
2090,684,37
741,684,70
1943,685,7
1485,685,586
1485,686,33
330,686,74
2669,687,169
1562,688,27
1449,688,35
1485,688,594
1886,689,20
104,689,1
1657,690,78
1607,691,113
2554,692,8
1886,692,663
46,692,439
2885,692,6
508,692,21
2678,692,78
986,692,23
1482,692,119
305,692,1045
2881,692,583
1494,693,4
78,694,260
819,694,18
1657,694,29
1657,695,3
825,696,5
1657,696,33
1886,697,591
1657,698,5
1482,699,332
600,699,42
2678,700,56
508,700,492
2669,700,159
2249,700,40
508,701,538
1884,702,15
822,702,536
363,702,39
1358,702,1594
1886,702,1518
1657,703,6
162,704,100
819,704,2
1485,705,1
1657,706,20
959,707,627
126,707,10
1388,707,130
883,707,12
1364,707,10
16,708,167
955,708,60
1485,709,96
819,710,3
686,711,382
939,711,960
1311,711,392
1886,711,232
2672,711,53
693,712,448
959,712,43
305,713,247
456,714,1
1985,714,28
576,714,17
1587,714,65
1934,714,2155
2554,714,2533
2672,714,47
1485,715,7
1017,716,479
1657,717,6
305,718,34
1713,719,13
1985,719,27
408,719,40
1485,719,14
1886,719,458
1657,720,81
1886,721,3
1276,721,36
2001,721,38
1934,721,22
2970,721,520
1985,721,1401
1657,722,8
1985,722,1
1331,723,151
1886,724,5696
1657,725,7
508,726,94
1657,727,127
1485,728,35
162,729,174
1257,729,59
758,729,3
981,729,28
649,729,41
1485,729,912
1657,729,299
1963,729,8
320,730,65
248,730,206
93,730,236
1886,731,196
406,731,34
2881,731,307
1657,731,70
1985,731,15
508,731,130
2678,731,50
165,732,269
246,732,441
16,733,51
1886,734,393
508,734,57
1195,735,433
811,736,263
1657,737,22
469,737,1509
1129,738,3
78,738,8
1657,738,4
12,738,15
2681,738,98
2238,738,1
1657,739,16
819,739,45
16,740,2
162,740,557
1364,741,153
1889,741,86
305,741,149
1985,741,61
666,741,104
2277,741,40
2669,741,10
1358,741,10
2734,741,16
799,741,21
164,741,32
1026,741,34
2308,741,38
1713,742,607
1546,742,132
98,743,14
1149,744,31
1636,744,28
1657,745,15
520,746,17
164,746,67
1485,747,5
1444,748,1
2970,749,33
162,749,46
1657,750,32
162,750,32
1587,751,6246
1657,752,42
1657,753,1
2238,754,38
1211,754,3664
1886,755,259
2678,755,131
1657,756,1
508,757,4630
1411,758,168
1590,758,11
162,759,2
1555,760,5
1249,761,55
1985,761,939
986,761,28
1886,761,87
305,761,313
2258,761,16
2213,761,131
46,761,41
2325,761,108
2241,761,82
1494,761,51
2554,761,111
2332,761,2
2678,761,10340
634,761,71
1482,761,476
627,761,15
2334,761,7
686,761,47
986,762,427
1257,762,62
1181,763,82
715,763,136
1657,764,2
41,765,584
1713,765,608
1050,765,1008
1953,765,172
1657,766,4
456,767,143
1985,767,49
1657,768,2
1449,768,11
164,769,44
981,770,324
1657,770,3
819,771,25
1657,772,70
465,773,6
456,774,11
1562,775,13
1414,776,13
508,776,7
1886,776,14
825,776,42
1657,777,3
813,778,28
1482,778,38
428,778,60
2314,778,50
2323,778,26
1183,778,34
1358,778,179
406,778,79
1886,779,168
162,780,96
1966,780,39
520,781,798
467,782,170
620,783,6766
1492,784,15
520,784,629
272,784,7
711,784,13
2210,785,436
1657,786,18
724,787,339
981,788,202
2547,788,18
41,790,14
1500,791,123
666,791,38
1364,791,98
1673,791,98
1657,791,7
2958,791,11
808,791,24
408,791,21
825,791,3
1119,792,43
2668,792,4
1562,792,5
1319,793,10
508,793,386
51,793,25
2970,793,171
64,793,9
1657,793,7
1428,793,18
706,793,88
2202,793,71
1985,793,931
2557,793,157
819,794,21
1091,795,3
520,795,16
2970,795,17
1713,795,83
1331,795,40
2323,795,1
825,795,48
243,795,26
2213,795,24
1371,796,1
1282,797,45
12,797,6
819,797,4
406,797,123
628,797,181
1480,797,369
1485,797,300
1043,798,43
2678,798,98
724,798,331
195,798,15
628,798,273
461,798,49
1956,798,28
822,798,203
1358,798,1118
1985,798,52
1026,798,123
332,798,48
715,798,49
363,798,46
1666,799,1
2885,799,30
30,800,55
2256,800,294
2120,800,127
2117,800,46
2219,800,108
115,800,44
198,800,13
1311,800,76
2112,800,30
643,800,115
315,800,49
2884,800,167
353,800,34
2661,800,39
426,800,116
628,800,95
820,801,27
1657,802,1
666,803,194
628,803,43
41,803,162
12,804,35
819,804,35
1657,804,4
868,804,4
508,805,355
164,805,83
1657,806,1
363,807,697
1985,807,20
508,807,13
868,808,21
819,808,35
16,809,2757
845,810,27
165,811,3
1657,811,2
1657,812,2
1485,813,492
2085,813,5
2476,813,11
786,813,4
1886,814,191
2314,815,15
819,815,137
1886,815,1096
939,816,4
1249,817,56
264,818,1
1388,818,258
790,818,111
526,818,1706
1296,818,1
1408,818,75
1001,818,78
1883,818,2
320,819,16
697,819,102
414,819,103
1657,819,2
959,819,9
598,819,18
1489,819,47
1479,819,12
1666,819,45
248,819,7
2323,819,1
401,819,74
825,819,18
858,819,155
625,819,25
1594,819,102
891,819,14
1465,819,185
1416,819,18
711,819,60
600,819,75
1621,819,2
307,819,11
1568,819,82
2970,819,114
367,819,9
1956,819,19
2554,819,4
1985,819,10
1485,819,16
1308,819,26
1341,819,21
1091,819,97
456,820,12
1657,821,3
1480,822,103
2479,823,12
1657,823,11
456,823,48
2670,824,47
1657,825,10
1257,826,12
401,827,30
1934,828,5
456,829,46
1600,830,33
331,830,62
1502,830,110
2881,831,49
11,831,1460
1886,831,179
508,831,291
2670,831,130
2001,832,11
657,832,542
2323,832,11
457,832,11
1673,833,15
1050,833,23
461,833,13
656,833,5
384,833,14
41,833,17
1628,833,10
1494,833,35
156,833,18
456,833,26
1186,833,33
1347,833,22
1886,834,38
1364,834,28
959,834,3
508,835,17
1657,836,4
1562,836,2
1449,837,964
191,838,55
16,838,87
504,838,41
1886,838,753
508,838,318
363,838,49
467,838,119
1688,838,12
1943,838,168
1657,839,1
819,840,22
881,841,6
1485,841,16
508,841,46
1886,842,128
1591,843,3
521,843,2
1257,843,10
435,843,7
715,843,79
467,843,76
2520,843,0
649,843,32
1657,843,25
14,843,15
1886,843,54
2479,843,4
1411,843,31
819,843,5
820,843,7
1562,843,6
2484,843,15
508,843,28
1449,843,1
1985,844,29
999,844,3
2734,844,11
2670,844,9
320,844,5
2108,844,5
845,845,2160
30,846,225
508,847,2
162,848,30
1657,849,22
1657,850,4
12,850,2
2148,851,8
2238,851,10
981,851,33
1495,851,100
1017,852,37
939,852,46
886,853,46
298,853,8
2493,854,4
964,854,3
1411,855,580
330,856,53
2148,856,180
1257,856,10
1485,856,10
715,856,140
249,856,3
190,856,15
1657,857,5
1485,857,21
1364,858,29
1257,858,52
1881,858,67
508,858,150
939,858,137
406,858,26
2323,858,51
1657,859,6
457,860,1909
2323,860,2
162,860,10
657,860,256
1017,861,53
98,861,102
1966,861,48
508,861,75
1886,861,25
1149,861,56
2090,861,83
1713,861,27
520,861,317
711,861,129
164,861,431
1492,861,375
845,861,276
508,862,411
164,863,241
845,864,120
1713,865,669
819,866,57
555,867,200
508,867,2755
1026,867,8
2664,867,15094
1037,867,10
1485,868,236
164,868,1
2670,869,417
1934,869,18
627,869,34
2001,869,30
1257,870,22
1886,870,72
1485,870,75
61,871,6
1492,871,16
1657,872,2
2670,873,17
1017,873,59
2970,874,23
1236,875,162
1409,875,9
1657,875,5
2108,875,162
2670,875,95
883,875,673
2671,875,496
1195,875,758
2001,875,228
1485,875,261
1886,875,537
2661,875,0
2323,876,3
2670,876,17
508,877,2366
162,878,364
254,879,157
508,879,72
1411,879,83
711,879,17
2881,880,14
363,880,805
467,880,57
1886,880,125
16,880,104
1992,880,14
2678,880,139
724,880,270
504,880,1
1370,880,21
162,880,11
1416,881,616
364,882,339
1657,882,6
883,882,15
508,883,2507
2147,884,9
165,884,1
1485,885,33
1562,886,2
1026,887,120
508,887,39
838,887,167
1492,887,54
822,887,20
162,887,132
1954,888,102
2669,888,176
2308,889,1650
1886,889,2867
1657,890,0
1562,891,3
628,892,11
1985,893,54
1886,893,179
165,893,1
508,894,114
939,894,41
330,894,62
845,895,41
1555,896,56
822,896,21
1341,897,37
16,897,18
1657,898,1
822,899,44
814,899,82
130,899,21
1621,899,185
959,899,121
1127,899,1369
1539,899,41
866,899,175
1712,899,756
2665,900,7
1886,900,10
467,900,25
1657,900,9
1993,900,11
818,901,14
49,901,18
628,901,27
1712,901,1842
1037,902,1
1657,903,1
2169,904,45
2120,904,31
1985,904,23
16,904,51
467,905,5106
1657,906,1
1449,907,14
305,908,41
981,908,24
127,909,89
1485,910,17
508,910,55
302,910,43
1985,910,5
276,910,1
845,911,3
191,912,10
1886,912,500
254,913,83
1411,913,28
164,913,24
272,913,12
1562,913,1
1657,913,1
1449,914,17
162,914,268
1562,915,175
1449,915,4
2479,915,1
165,915,1
2484,915,4
1713,915,25
820,915,5
246,915,24
1985,916,2
1657,916,236
1886,916,15
1886,917,128
2881,917,123
2484,918,5
1449,918,5
2884,918,96
2670,918,42
2881,918,84
939,918,125
964,918,39
456,918,35
168,919,7
964,920,7
156,921,128
1657,922,2
508,922,51
46,923,63
1713,924,19
429,924,368
845,924,164
1237,924,7
195,924,14
1017,924,37
711,924,18
30,924,31
823,924,21
162,924,157
1964,924,22
508,925,245
2484,926,1
711,927,60
1233,927,3
1276,927,16
1886,927,97
1590,927,412
1878,927,28
2148,927,195
198,927,12
883,927,31
981,928,1
2664,928,1
16,929,38
2497,929,35
1371,929,44
16,930,34
1388,930,453
1668,931,676
2663,932,3
508,933,14
628,934,48
612,934,84
625,934,36
1657,934,81
643,934,30
508,934,56
147,934,80
1311,935,186
1043,935,364
1985,936,1
2671,937,1
2323,937,6
1882,937,26
939,937,416
508,937,67
813,937,85
2230,937,6
1887,937,149
1236,937,54
363,937,116
1886,937,291
1480,937,1
1181,937,15
2308,937,250
2497,937,702
12,938,3
1657,938,32
1149,939,569
461,939,745
882,939,1
1311,940,352
2672,940,155
686,940,433
508,941,25
2663,941,18
164,942,1347
845,942,61
162,942,20
1411,942,42
1449,943,2
1657,944,83
1017,945,463
2885,946,163
1657,947,0
2116,948,1209
981,948,278
1657,949,27
981,950,1
1201,951,5
1886,952,766
78,953,10
1889,954,359
1360,954,115
1257,955,8
1411,955,9
1657,955,2
1017,956,1993
2734,956,168
1562,957,15
964,958,263
719,959,18
1223,959,11
33,959,25
168,959,3
195,959,5
1657,959,27
1385,959,12
556,959,98
882,959,21
1249,959,987
452,959,67
882,960,108
2106,960,11
2662,960,93
1050,960,799
2241,960,32
1149,961,164
2557,962,198
2554,962,173
2663,962,28
508,962,32
1886,962,14
2678,962,67
12,963,1
162,964,15
1444,965,2
2665,965,110
12,967,105
1985,968,28
939,968,136
12,969,2
164,970,6
821,971,20
457,972,4333
1886,972,1
1657,973,2
508,974,3077
61,975,12
162,975,12
1485,975,43
818,975,127
1954,975,22
1938,975,9
628,975,17
1985,975,4
1959,975,38
1713,975,5
649,975,140
406,975,18
981,975,33
456,975,123
1331,975,12
1158,976,17
838,976,35
538,976,5
199,976,28
1886,977,54
939,977,17
1071,977,9
838,977,29
1444,978,7
508,978,10
1886,979,380
1444,980,453
1657,980,2
162,980,67
1657,981,1
1560,981,432
1371,982,191
845,983,4
127,984,3950
1449,985,2
1657,986,2
1657,987,7
1657,988,89
1657,989,5
1657,990,241
1657,991,3
1485,992,33
818,992,60
1568,992,11
819,994,15
819,995,150
1657,996,175
1657,998,63
1657,999,1
1657,1000,5
1657,1001,5
2484,1002,35
1657,1003,6
1657,1005,1545
819,1006,87
1657,1007,667
1657,1008,4
1886,1009,1
1657,1010,4
1615,1012,15
1657,1013,61
1657,1014,395
1657,1015,155
1657,1016,20
1657,1017,27
1657,1018,203
1657,1019,29
1485,1021,57
2662,1021,31
1183,1022,81
1886,1022,1171
1657,1023,88
1886,1024,127
2147,1025,159
1257,1027,215
1251,1028,2
1562,1028,401
1411,1028,479
1657,1030,23
819,1030,5
1657,1031,4
1126,1032,33
1657,1032,214
164,1033,78
1657,1034,197
700,1035,1
12,1035,23
819,1035,1
576,1036,105
2881,1036,99
825,1036,489
1886,1036,96
1985,1036,47
578,1036,25
1371,1036,21
1257,1037,209
1657,1037,5
164,1037,12
1657,1038,170
1657,1039,2
1657,1040,431
693,1041,51
1411,1041,16
1657,1042,56
1149,1043,10
1411,1044,376
819,1045,3
11,1045,2
819,1046,3
1712,1048,115
2479,1049,40
1657,1050,175
165,1051,4
12,1051,6
1657,1052,4
883,1053,19
1485,1053,27
1257,1053,215
1713,1053,13
2239,1053,6
2001,1053,10
2307,1053,19
2885,1053,9
170,1053,12
243,1053,7
176,1054,1
868,1055,34
1657,1056,5
1657,1057,5
1657,1058,649
819,1059,14
1657,1059,9
1562,1060,22
1657,1061,19
715,1062,948
98,1063,63
981,1064,23
1657,1065,96
1657,1066,1
1657,1067,1
1485,1067,45
2124,1068,19
2256,1068,2
2958,1069,97
1657,1070,106
836,1071,33
661,1071,55
1668,1071,18
331,1071,938
1132,1071,17
12,1072,1
819,1072,3
1657,1072,333
1657,1073,15
1492,1076,401
845,1076,131
2885,1076,79
973,1076,65
2310,1076,41
2138,1076,12
226,1076,34
164,1076,495
1951,1076,20
2314,1076,38
1316,1077,1
2671,1078,12
1257,1078,34
12,1079,1
981,1079,279
1657,1079,2
44,1081,5
1657,1082,5
1311,1083,128
508,1084,4129
226,1084,80
1485,1084,286
818,1084,78
508,1086,2
1657,1087,1
1657,1088,12
1657,1089,810
1657,1090,390
1657,1091,115
819,1092,2
1657,1093,241
1657,1094,40
1657,1095,26
1657,1096,49
2670,1097,45
1042,1098,113
649,1099,340
30,1099,219
1257,1099,32
170,1099,435
226,1099,287
249,1099,19
1713,1099,126
1485,1099,129
964,1099,283
1149,1099,78
628,1099,149
1562,1100,1
2484,1100,2
981,1101,12
1657,1101,21
2164,1102,24
508,1102,124
813,1102,23
1037,1102,8
2163,1102,29
711,1102,31
46,1102,35
2136,1102,15
508,1103,776
44,1104,37
979,1105,237
1657,1106,3
1657,1107,193
508,1109,629
2662,1110,7
2958,1110,1
939,1110,1
1657,1110,4
1657,1111,231
1657,1112,358
164,1113,23
1657,1114,117
979,1115,1
1657,1116,151
1657,1117,31
1657,1118,12
1657,1119,66
1657,1120,64
686,1121,2
1657,1122,40
1657,1123,35
1657,1124,40
302,1125,254
1886,1126,74
825,1126,4
98,1126,1
939,1126,29
1657,1127,36
1657,1128,69
1657,1129,35
1657,1130,19
1657,1132,172
1657,1133,5
1657,1134,2
1657,1135,190
1657,1136,19
1657,1137,1
1657,1138,79
164,1139,43
226,1139,14
2089,1140,5
1657,1141,92
1449,1142,1
819,1143,40
1657,1144,292
1657,1145,234
1657,1146,99
1657,1147,2
1657,1148,207
305,1149,2
1657,1150,4
1657,1151,23
44,1153,83
1657,1154,2
1251,1156,13
1249,1156,392
1657,1157,4
1657,1159,16
1657,1160,22
164,1161,46
249,1161,81
981,1161,57
12,1161,4
2670,1161,79
2101,1161,277
1657,1161,768
1606,1161,40
1713,1161,131
164,1162,1
1985,1162,3
1485,1162,1
1657,1163,68
822,1164,41
1657,1165,61
12,1166,16
1657,1167,96
964,1168,2
456,1168,5
819,1168,8
1257,1168,43
305,1169,12
883,1169,76
1657,1170,93
508,1171,777
1657,1172,4
1657,1173,589
1657,1174,10
1657,1175,5
1657,1176,12
508,1177,26
2138,1177,520
825,1177,200
711,1177,72
1886,1178,146
547,1178,2
44,1179,4
44,1180,2
819,1182,523
1657,1183,640
25,1184,62
1407,1184,4
176,1184,4
1657,1186,104
44,1187,45
1657,1188,33
1657,1189,4
1657,1190,29
1657,1191,21
1657,1193,10
1568,1194,1083
1657,1196,9
1657,1197,4
305,1198,1
1657,1198,81
1657,1199,3
1657,1200,137
